Country,BestSeconds,Person
Dominican Rep.,4.61,Cristian Samuel Carrasco Peña
Philippines,3.84,Brenton Angelo Lo Wong
Bosnia and Herz.,6.80,Filip Aleksi
Russia,3.72,Timofei Tarasenko
Australia,3.88,Jode Brewster
Turkey,4.79,Ahmet Çınar Ablak
Japan,4.80,Sei Sugama
Uzbekistan,5.72,Umidjon Zafarov
Germany,4.32,Sebastian Weyer
Dem. Rep. Congo,103.79,Danny Kahumba
Belarus,5.98,Platon Dranchuk
Qatar,20.09,Karim Awa
Sudan,12.34,Mohamed Kamal Siddig Mohamed
Kosovo,5.21,Lir Ukaj
Thailand,4.02,Natthaphat Mahtani
Peru,4.65,Robert Yomi Cadenas Nuñez
Poland,3.66,Tymon Kolasiński
United Arab Emirates,7.64,Nasir Ali Mohammed Dawood Abdalla
Morocco,6.43,Mohamed Elkhatri
Iraq,11.31,Furat Gaznai
Albania,7.24,Thomas Mako
Iceland,6.29,Óskar Pétursson
United States of America,3.13,Max Park
Paraguay,5.37,Kenji Julián Cáceres Matsumoto
Mongolia,4.84,Myagmardorj Ulziijargal
Rwanda,12.32,Imanzi Habonimana
Nigeria,7.17,David Okoro-Sokoh
United Kingdom,3.69,Aidan Grainger
Czechia,4.97,Matj Grohmann
Kenya,8.05,Jay Kuria Muthari
Myanmar,6.03,Sai Nyi Bhone Htut
Croatia,5.55,David Vujasi
Sweden,4.58,Elvin Thorsen
Egypt,6.46,Hannah Nader Eskander
Ethiopia,8.50,Moses Tibeb Firew
Georgia,4.76,Tamar Dolenjishvili
Venezuela,5.84,Louis Rodriguez
Belize,5.44,Anthony Brooks
Ghana,8.41,Ransford Gyasi
Uruguay,6.00,Irene Pinto
Hungary,5.13,Gábor Slezák
Botswana,29.35,Thomas ter Haar
Madagascar,7.26,Tolotra Ny Avo Andriamamonjisoa
Afghanistan,9.56,Mohammad Sharif Heydari
Nicaragua,11.08,Roberto Icaza Kinloch
Algeria,6.73,Yassine Bettahar
China,3.05,Xuanyi Geng
Saudi Arabia,7.73,Hussain Alasiri
Somalia,56.70,Mubarak Ali Jama
Jamaica,17.33,Andre Robinson
Portugal,5.51,Afonso Cláudio Machado
Palestine,6.40,Adam Tiro
Panama,5.98,David Montenegro
Estonia,5.01,Kaur Tuule
Denmark,4.42,Lukas Shelley
Canada,4.13,Arhaan Sareen
Mexico,4.46,Angel Armando Jaime Sánchez
Tajikistan,7.71,Jaloliddin Rasulov
El Salvador,6.63,José Eduardo Palacios Castro
Taiwan,4.15,Kai-Wen Wang
Yemen,11.11,Mohammed Badr Albaram
Brazil,4.37,Caio Hideaki Sato
Cyprus,4.66,Michael Eleftheriades
Spain,4.67,Lorenzo Escobar Kraskouskaya
Côte d'Ivoire,11.90,Brega Zoro Donald Carlos
Syria,6.88,Ali Ahmad Alchurbaji
Bahamas,11.32,Isabella Young
Togo,9.03,Christian Lacle
Ukraine,4.77,Lev Golub
Bulgaria,5.41,Ivaylo Ivaylov Vichev
North Macedonia,6.48,Aleksandar Dukleski
Suriname,9.49,Carmen Liu
Latvia,6.04,Roberts Dreijers
Senegal,27.11,Amy-Collé Diallo
South Korea,4.17,Seung Hyuk Nahm
Kazakhstan,4.24,Asset Agabekov
Kuwait,6.38,Ahmad Alolaimi
India,4.74,Hrishikesh Kakati
Ireland,4.33,Ciarán Beahan
Guyana,12.08,Benicio Warwick Khan
Netherlands,4.38,Twan Dullemond
Indonesia,4.42,Firstian Fushada
Armenia,7.24,Grigor Shahverdyan
Serbia,5.57,Matej Marok
Cambodia,6.02,Kotaro Yoshida
Romania,4.07,Ianis Costin Chele
France,4.44,Juliette Sébastien
Slovakia,5.11,Adam Frátrik
Eritrea,16.21,Smret Abraham
Tunisia,7.29,Moez Boussarsar
Vietnam,4.53,Nguyen Tuan Cong
South Africa,4.86,Daniel Rush
Turkmenistan,9.03,Samat Sahetmyradov
Iran,5.87,Erfan Dehghani
Moldova,6.84,Alex Casian
New Zealand,4.54,Dwyane Ramos
Angola,8.22,Roger Nataniel Issassa dos Santos
Jordan,5.85,Kamel Hammouri
Montenegro,10.05,Mihailo Seni
Bhutan,13.75,Pema Wangchuk
Colombia,4.52,Juan Miguel Saboya Soto
Tanzania,15.46,Mohammed Mehdi Hussein Murtaza Mohamedali
Luxembourg,8.90,Carlo Glod
Azerbaijan,7.32,Javid Nabizade
Papua New Guinea,9.81,Joshua Tekwie
Bangladesh,5.23,Mosfikul Islam
Libya,11.90,Ali Shaari
Finland,4.80,Amos Nordman
Costa Rica,6.51,Daniel Josué Sandí Alvarado
Ecuador,5.61,Anthony Gerard Álvarez Ludeña
Uganda,10.82,Shaun Adriel Agaba
Cuba,7.73,Daniel Orlando Valdes Arzola
Lesotho,14.70,Liteboho Martin Mobe
Cameroon,17.93,Johan Alex Tabeko Ngankam
Greece,4.70,Antonie Paterakis
Laos,9.07,Phasouk Sypaseuth
Sri Lanka,6.79,Sujan Irosha Kumarapperuma
Switzerland,4.56,Eden Robinson-Rechavi
Fiji,11.84,Soham Ronav Ram
Guatemala,5.68,Brian Bernabé Bolaños Arreaga
Belgium,5.13,Victor Roets
Brunei,8.27,Ting Kah Lok
Austria,4.72,Alwin Federsel
Malaysia,4.05,Tee Kai Yang
Haiti,8.44,Fan Derlentz Perceval
Malawi,9.87,Favour Ngulube
Slovenia,4.95,Taiyo Beri
Honduras,7.01,Miguel Angel Edelman Vindel
Pakistan,5.43,Muhammad Haris Aamir
Italy,4.26,Valerio Locatelli
Chile,3.74,Claudio Matias Cancino Bruna
Namibia,13.69,Luke Agapitus
Mozambique,9.35,Edilson Ruco
Norway,4.15,Kim Roger Haraldsen
Zambia,17.12,Temba Mateke
Lithuania,4.39,Mantas Urbanavius
Oman,7.97,Mohammed Al Said
Argentina,4.49,Theo Goluboff
Bolivia,5.88,Rodrigo Paz Vaca
Israel,4.52,Ben Baron
Nepal,6.66,Anubhav Gyawali
Trinidad and Tobago,8.72,Zeke Sirju
Zimbabwe,7.63,Juniour Kwashira
Congo,19.38,David Nzolanzofou
Mauritania,19.79,Cheikh Baya
Lebanon,6.31,Rakan El Hady
Kyrgyzstan,4.92,Chyngyz Sultanbekov
